id,first_name,email,age,gender,role
1.0,kimmis,khowett0@apple.com,25,female,Student
2.0,Ibby,icutridge1@webnode.com,19,Female,Admin
3.0,Shushank,rpear2@mlb.com,20,male,Student
4.0,Stormie,sthurlbeck3@163.com,24,Female,Admin
5.0,Bat,bgirtin4@jalbum.net,24,Male,Student
6.0,Conchita,crasmus5@mapquest.com,22,Female,Admin
7.0,Loydie,lhallin6@pinterest.com,18,Male,Admin
8.0,Thibaud,tbyford7@columbia.edu,25,Male,Student
9.0,Corenda,cfissenden8@jigsy.com,20,Female,Student
10.0,Lawrence,lesby9@geocities.com,18,Male,Admin
11.0,Ambrosi,aanniesa@state.gov,21,Male,Admin
12.0,Keri,klovieb@nifty.com,22,Female,Student
13.0,Korrie,ksonscheinc@bandcamp.com,20,Female,Admin
14.0,Zebadiah,zjakabd@infoseek.co.jp,25,Male,Student
15.0,Jacobo,jhelline@phpbb.com,21,Male,Admin
16.0,Rubina,rchealf@marriott.com,21,Female,Admin
17.0,Conney,cquereeg@technorati.com,24,Male,Student
18.0,Dewie,dgiacobazzih@engadget.com,25,Male,Admin
19.0,Kevon,kdeclercqi@netvibes.com,18,Male,Student
20.0,Alisun,agreadyj@dell.com,20,Female,Admin
21.0,Nickolaus,nbossinghamk@php.net,21,Male,Student
22.0,Christos,cpallisterl@tripadvisor.com,25,Male,Admin
23.0,Michaela,mkrystofm@virginia.edu,25,Female,Admin
24.0,Janey,jgingeln@comcast.net,22,Female,Student
25.0,Selia,skeysero@yolasite.com,20,Female,Admin
26.0,Heidie,hghidinip@sciencedirect.com,20,Female,Student
27.0,Lebbie,lhoylesq@harvard.edu,25,Female,Admin
28.0,Briant,bmellerr@nps.gov,25,Male,Admin
29.0,Brigid,bburgises@comcast.net,22,Female,Student
30.0,Sidoney,sgronewayt@nbcnews.com,20,Female,Admin
31.0,Eugene,edronsfieldu@mtv.com,25,Male,Student
32.0,Catherin,cdavidsonv@ft.com,18,Female,Admin
33.0,Coleen,cblampyw@sitemeter.com,23,Female,Admin
34.0,Kristo,kschollx@51.la,20,Male,Student
35.0,Betteann,bharringtony@dailymail.co.uk,20,Female,Admin
36.0,Clarita,cchilesz@walmart.com,22,Female,Student
37.0,Raffaello,rlundon10@mac.com,20,Male,Admin
38.0,Terrel,tyeldham11@theglobeandmail.com,25,Male,Admin
39.0,Gusti,greaveley12@multiply.com,19,Female,Student
40.0,Fiona,fgiacomi13@usatoday.com,24,Female,Admin
41.0,Brunhilde,bdartnell14@booking.com,23,Female,Student
42.0,Neale,nbirkby15@ustream.tv,19,Male,Admin
43.0,Dulcia,dmingame16@nyu.edu,24,Female,Admin
44.0,Brigitta,bmuckian17@de.vu,24,Female,Student
45.0,Chas,cmanton18@webs.com,22,Male,Admin
46.0,Teddy,tnind19@ebay.com,20,Male,Student
47.0,Bent,bbrewin1a@wikimedia.org,21,Male,Admin
48.0,Franny,fpawelek1b@geocities.com,20,Male,Admin
49.0,Lezlie,lmainds1c@examiner.com,21,Female,Student
50.0,Yvor,ybraidman1d@reverbnation.com,18,Male,Admin
51.0,ram,ram@gmail.com,18,male,admin
